Brecht,Bertold,b.brecht@klusoft.eu
Bredel,Willi,w.bredel@klusoft.eu
Heine,Heinrich,h.heine@klusoft.eu
Dostojewski,Fjodor,f.dostojewski@klusoft.eu
Born,Nicolas,n.born@klusoft.eu
Zola,Emile,e.zola@klusoft.eu
